"Reference","Value","Datasheet","Footprint","Qty","DNP"
"C1,C2,C4","10u 50V 0805","~","Capacitor_SMD:C_0805_2012Metric","3",""
"C5,C8,C12","100n 50V 0603","~","Capacitor_SMD:C_0603_1608Metric","3",""
"C9,C11","1u 25V 0603","~","Capacitor_SMD:C_0603_1608Metric","2",""
"C10","22u 16V 0805","~","Capacitor_SMD:C_0805_2012Metric","1",""
"L1","3.3uH (APH0420T)","https://lcsc.com/datasheet/lcsc_datasheet_2409302232_APV-APH0420T3R3M_C5349667.pdf","Inductor_SMD:L_APV_APH0420","1",""
"R1","100k 0603","~","Resistor_SMD:R_0603_1608Metric","1",""
"R2","13.7k 0603","~","Resistor_SMD:R_0603_1608Metric","1",""
"U2","ME3121","https://lcsc.com/datasheet/lcsc_datasheet_2203311630_MICRONE-Nanjing-Micro-One-Elec-ME3121AM6G_C2932938.pdf","Package_TO_SOT_SMD:SOT-23-6","1",""
"U3","TLV75533PDBV","http://www.ti.com/lit/ds/symlink/tlv755p.pdf","Package_TO_SOT_SMD:SOT-23-5","1",""
